-73.605104,45.528465
-73.606543,45.528494
-73.528285,45.516986
-73.52725,45.517267
-73.528077,45.502552
-73.527554,45.502929
-73.555724,45.571923
-73.555932,45.56886
-73.594762,45.498145
-73.594956,45.497516
-73.594385,45.49753
-73.584553,45.514346
-73.58237,45.513062
-73.543669,45.532821
-73.543911,45.532558
-73.543527,45.505285
-73.543483,45.505101
-73.641431,45.564483
-73.641561,45.5646
-73.622713,45.55772
-73.622802,45.557293
-73.616497,45.560399
-73.616645,45.560232
-73.615557,45.560427
-73.551962,45.493506
-73.551937,45.493635
-73.588894,45.503949
-73.589051,45.503993
-73.589253,45.504048
-73.509429,45.604768
-73.510179,45.604563
-73.521323,45.496251
-73.51956,45.49578
-73.526519,45.501208
-73.551616,45.495398
-73.543149,45.506072
-73.543039,45.506061
-73.543074,45.506125
-73.509224,45.594233
-73.508989,45.594407
-73.543707,45.505136
-73.51025,45.600521
-73.509843,45.600447
-73.543571,45.505896
-73.543446,45.506007
-73.5433,45.504867
-73.543405,45.505009
-73.552213,45.491784
-73.55209,45.492793
-73.535042,45.546217
-73.535308,45.545629
-73.534976,45.546346
-73.534733,45.547178
-73.538207,45.540553
-73.539035,45.540126
-73.543232,45.505014
-73.533506,45.547952
-73.533595,45.548861
-73.543609,45.506081
-73.544049,45.505042
-73.639019,45.566683
-73.636969,45.567583
-73.591738,45.502785
-73.592784,45.501103
-73.592921,45.502763
-73.593419,45.501524
-73.632948,45.560543
-73.636865,45.562331
-73.529284,45.502232
-73.526008,45.498535
-73.527832,45.503513
-73.628049,45.566299
-73.625586,45.567055
-73.585488,45.503757
-73.519343,45.495554
-73.524205,45.49744
-73.530774,45.512973
-73.532891,45.512605
-73.521349,45.497748
-73.55715,45.5328
-73.556361,45.533807
-73.56812,45.528843
-73.567416,45.529564
-73.593958,45.533363
-73.593183,45.534062
-73.544368,45.529594
-73.544235,45.53047
-73.543445,45.533067
-73.541764,45.536402
-73.63285,45.560512
-73.633594,45.559745
-73.642318,45.563825
-73.601666,45.528594
-73.556783,45.566182
-73.598236,45.529323
-73.60126,45.528637
-73.588351,45.503874
-73.634334,45.568575
-73.636428,45.569178
-73.631011,45.567673
-73.599483,45.497828
-73.59943,45.49782
-73.524803,45.605305
-73.525635,45.603985
-73.555176,45.562159
-73.556987,45.565631
-73.583773,45.540254
-73.583371,45.540444
-73.587113,45.504324
-73.579989,45.541554
-73.594049,45.499809
-73.510325,45.592613
-73.538731,45.558626
-73.538772,45.558564
-73.538406,45.559298
-73.538454,45.559229
-73.538367,45.559365
-73.538103,45.559957
-73.556199,45.524534
-73.556248,45.524491
-73.555608,45.525085
-73.555718,45.525019
-73.556401,45.524434
-73.539927,45.556351
-73.539974,45.556283
-73.53185,45.585555
-73.528424,45.584478
-73.535802,45.586914
-73.537618,45.587535
-73.536305,45.588873
-73.599383,45.497812
-73.539174,45.557771
-73.539493,45.557168
-73.539095,45.557892
-73.539137,45.557827
-73.538817,45.558498
-73.539883,45.556415
-73.539535,45.557104
-73.539581,45.557035
-73.53573,45.544824
-73.535408,45.54549
-73.543032,45.507603
-73.508773,45.60657
-73.508698,45.607281
-73.606744,45.528423
-73.610565,45.5292
-73.532402,45.550201
-73.531002,45.552478
-73.509036,45.596824
-73.525842,45.517283
-73.51987,45.497978
-73.584896,45.514959
-73.583672,45.516165
-73.621218,45.545896
-73.625061,45.54766
-73.508246,45.595229
-73.562734,45.567635
-73.591871,45.533744
-73.58654,45.538304
-73.568231,45.566536
-73.600514,45.497793
-73.540299,45.555679
-73.540276,45.555602
-73.510345,45.597138
-73.509652,45.606917
-73.618954,45.563297
-73.585402,45.514738
-73.579518,45.51191
-73.537574,45.541953
-73.508811,45.610248
-73.554672,45.5601
-73.554724,45.561092
-73.51061,45.60208
-73.594694,45.531482
-73.596044,45.532102
-73.581005,45.515209
-73.583331,45.51627
-73.580488,45.515769
-73.542937,45.560803
-73.542538,45.561437
-73.606807,45.528288
-73.607214,45.528569
-73.598997,45.545903
-73.602455,45.547507
-73.603291,45.555881
-73.605597,45.55689
-73.607897,45.557902
-73.610197,45.558897
-73.593498,45.553704
-73.594361,45.553963
-73.595224,45.554223
-73.533785,45.572565
-73.533386,45.573158
-73.593807,45.55194
-73.597272,45.553552
-73.540231,45.53892
-73.541155,45.539171
-73.61696,45.539762
-73.619883,45.540613
-73.558793,45.506
-73.55923,45.5062
-73.560858,45.506913
-73.562492,45.507654
-73.560484,45.50674
-73.562652,45.507742
-73.56482,45.508727
-73.566308,45.509424
-73.567168,45.50983
-73.573974,45.51772
-73.575903,45.518603
-73.577281,45.519232
-73.579566,45.520277
-73.581974,45.521377
-73.517704,45.594333
-73.517955,45.59441
-73.511314,45.592398
-73.512299,45.592699
-73.513185,45.592967
-73.547163,45.576298
-73.550227,45.577319
-73.547022,45.576252
-73.54588,45.575872
-73.545106,45.575613
-73.544216,45.575319
-73.543243,45.574995
-73.542213,45.574651
-73.539493,45.573748
-73.538198,45.573317
-73.536206,45.572655
-73.535103,45.572287
-73.586425,45.524629
-73.586189,45.524886
-73.557058,45.531332
-73.556662,45.531748
-73.556284,45.53216
-73.527692,45.604592
-73.527307,45.60524
-73.572304,45.518307
-73.57178,45.518886
-73.51975,45.590341
-73.519463,45.590938
-73.621773,45.582641
-73.62383,45.58354
-73.621144,45.582366
-73.61843,45.581172
-73.618858,45.581363
-73.615088,45.579711
-73.615789,45.580017
-73.620433,45.582051
-73.620044,45.582483
-73.553051,45.511849
-73.553819,45.512106
-73.573475,45.504983
-73.576443,45.506411
-73.558111,45.523241
-73.557495,45.523899
-73.620657,45.539294
-73.623407,45.540092
-73.543127,45.610003
-73.54285,45.610577
-73.612019,45.536097
-73.612811,45.536456
-73.585688,45.517334
-73.587944,45.51835
-73.596555,45.540574
-73.596047,45.541156
-73.572209,45.562481
-73.572322,45.562529
-73.603251,45.52615
-73.60383,45.525539
-73.597193,45.520951
-73.599316,45.521889
-73.597036,45.521122
-73.596432,45.521788
-73.596722,45.521473
-73.555883,45.534371
-73.55552,45.534802
-73.549247,45.563723
-73.550908,45.564267
-73.586841,45.524184
-73.614608,45.579222
-73.615348,45.579382
-73.532959,45.559234
-73.532504,45.559909
-73.531051,45.558604
-73.530588,45.559284
-73.615169,45.537523
-73.617724,45.538446
-73.559957,45.516578
-73.559553,45.517036
-73.597805,45.531777
-73.601207,45.533329
-73.577012,45.550686
-73.579424,45.551406
-73.564424,45.549277
-73.564033,45.549783
-73.56523,45.547944
-73.564869,45.548546
-73.564811,45.548644
-73.595566,45.521409
-73.591127,45.519535
-73.593073,45.520372
-73.589347,45.521467
-73.589828,45.520938
-73.60916,45.540131
-73.612641,45.541677
-73.627108,45.549152
-73.629403,45.550208
-73.574205,45.538513
-73.573647,45.539107
-73.580553,45.49458
-73.581724,45.493579
-73.58228,45.493107
-73.583939,45.49169
-73.584888,45.490885
-73.575906,45.531514
-73.576347,45.531722
-73.57405,45.530656
-73.575436,45.531297
-73.573587,45.53045
-73.573136,45.530233
-73.579715,45.541721
-73.57984,45.541989
-73.544843,45.580025
-73.545763,45.580332
-73.566164,45.569261
-73.565611,45.569881
-73.571355,45.529407
-73.570801,45.529151
-73.528021,45.591627
-73.529908,45.592219
-73.532175,45.592915
-73.534213,45.593546
-73.533846,45.594161
-73.534228,45.594279
-73.535028,45.594525
-73.534043,45.596193
-73.530217,45.600347
-73.529781,45.601095
-73.529342,45.601835
-73.528884,45.602602
-73.528471,45.603295
-73.590231,45.532609
-73.591273,45.533094
-73.553087,45.49607
-73.555555,45.496963
-73.567331,45.544418
-73.566966,45.545051
-73.626527,45.54099
-73.610726,45.543906
-73.612499,45.544699
-73.574894,45.548087
-73.578025,45.549022
-73.58043,45.549741
-73.582791,45.550462
-73.59559,45.54989
-73.598573,45.551264
-73.585053,45.547868
-73.586987,45.548761
-73.513172,45.610305
-73.514996,45.610622
-73.614147,45.545441
-73.60717,45.542339
-73.611621,45.54827
-73.614438,45.549519
-73.611083,45.548871
-73.613899,45.550117
-73.600587,45.534004
-73.603716,45.535423
-73.607182,45.536993
-73.588896,45.521963
-73.575209,45.567753
-73.578128,45.56866
-73.579984,45.532466
-73.581388,45.533118
-73.590022,45.526259
-73.589461,45.52695
-73.531737,45.586065
-73.531434,45.587125
-73.531355,45.585935
-73.53037,45.586768
-73.539093,45.574335
-73.538691,45.57493
-73.537906,45.576142
-73.582831,45.492639
-73.579846,45.495182
-73.548151,45.527165
-73.54956,45.527824
-73.535229,45.551053
-73.535809,45.551238
-73.536371,45.551418
-73.53787,45.551896
-73.539797,45.552513
-73.543358,45.553654
-73.546726,45.554732
-73.546854,45.554773
-73.550201,45.555846
-73.550368,45.5559
-73.625268,45.529049
-73.629067,45.53016
-73.636164,45.543087
-73.635826,45.543665
-73.552808,45.524303
-73.551743,45.525455
-73.553155,45.523923
-73.57207,45.519797
-73.571655,45.520247
-73.592313,45.561137
-73.591855,45.561647
-73.591638,45.561883
-73.610631,45.538554
-73.530455,45.582431
-73.533259,45.583347
-73.566364,45.572429
-73.570123,45.573592
-73.573925,45.574781
-73.590373,45.550336
-73.528583,45.599018
-73.52816,45.599735
-73.606005,45.549105
-73.609483,45.550647
-73.535807,45.57324
-73.534337,45.60157
-73.536421,45.602181
-73.53228,45.60096
-73.558975,45.580206
-73.560745,45.580795
-73.534164,45.550709
-73.552228,45.577983
-73.554226,45.578647
-73.526428,45.589196
-73.52565,45.590777
-73.533423,45.558527
-73.55378,45.523256
-73.554479,45.522502
-73.555104,45.521845
-73.550865,45.526408
-73.550491,45.526809
-73.588649,45.565299
-73.588577,45.565406
-73.635932,45.569759
-73.636953,45.570211
-73.633164,45.569941
-73.636071,45.571219
-73.62629,45.56694
-73.627185,45.56733
-73.612554,45.578279
-73.581475,45.566094
-73.585305,45.567282
-73.581966,45.565529
-73.585796,45.566718
-73.523284,45.59579
-73.522898,45.596482
-73.520411,45.595746
-73.520049,45.596478
-73.550821,45.555196
-73.544972,45.530692
-73.546463,45.53128
-73.549428,45.532432
-73.552212,45.533517
-73.552623,45.533684
-73.553458,45.53401
-73.553874,45.534169
-73.555932,45.53496
-73.573456,45.526392
-73.57395,45.526628
-73.536612,45.602231
-73.534709,45.581116
-73.534302,45.581747
-73.555259,45.525436
-73.57619,45.52767
-73.578532,45.528735
-73.575207,45.528732
-73.577514,45.529801
-73.554299,45.516853
-73.553789,45.517242
-73.553266,45.517622
-73.552813,45.518032
-73.623746,45.539514
-73.626864,45.540412
-73.582181,45.51747
-73.582808,45.516818
-73.584543,45.518544
-73.586847,45.519581
-73.595043,45.523287
-73.599408,45.525263
-73.547525,45.530054
-73.547033,45.530618
-73.548036,45.529488
-73.548529,45.528943
-73.55623,45.579304
-73.558859,45.58017
-73.630173,45.568633
-73.615122,45.553143
-73.617964,45.554402
-73.583404,45.530976
-73.583525,45.531032
-73.6049,45.524373
-73.609567,45.526446
-73.572976,45.531099
-73.566851,45.568675
-73.569048,45.56935
-73.589837,45.56392
-73.589576,45.56422
-73.589121,45.56474
-73.633645,45.559686
-73.579503,45.568359
-73.583341,45.569548
-73.588069,45.518187
-73.559772,45.50642
-73.524355,45.596113
-73.594758,45.525682
-73.597833,45.527087
-73.602396,45.542255
-73.601745,45.542976
-73.601201,45.543559
-73.600642,45.544152
-73.600077,45.544754
-73.620225,45.545056
-73.620995,45.545405
-73.555097,45.530429
-73.555624,45.53067
-73.556102,45.530891
-73.558641,45.532061
-73.560014,45.532692
-73.560861,45.533083
-73.547932,45.546704
-73.550948,45.547612
-73.550405,45.520617
-73.549868,45.521191
-73.549737,45.521331
-73.583275,45.533993
-73.582661,45.534653
-73.582048,45.53531
-73.581515,45.533176
-73.521722,45.596131
-73.522763,45.59644
-73.571591,45.547089
-73.571253,45.547645
-73.578325,45.542812
-73.578102,45.54302
-73.581475,45.530869
-73.582888,45.531526
-73.6057,45.538599
-73.605008,45.539363
-73.566066,45.534109
-73.565593,45.534599
-73.575038,45.525201
-73.574663,45.525544
-73.574316,45.525647
-73.55253,45.511686
-73.548899,45.522489
-73.549805,45.522913
-73.551405,45.523651
-73.541605,45.546554
-73.543571,45.547148
-73.541036,45.543688
-73.540552,45.544481
-73.540071,45.545274
-73.539648,45.545964
-73.542185,45.541814
-73.541797,45.542449
-73.541396,45.543107
-73.555132,45.54887
-73.562108,45.533662
-73.584253,45.544073
-73.583723,45.544633
-73.580771,45.549185
-73.58111,45.548631
-73.581446,45.548075
-73.581783,45.547524
-73.518919,45.598748
-73.518524,45.599544
-73.557108,45.498922
-73.557589,45.498465
-73.556524,45.499515
-73.556617,45.499402
-73.566719,45.568638
-73.566243,45.569174
-73.577482,45.577402
-73.577243,45.577678
-73.54105,45.578764
-73.543666,45.579631
-73.536875,45.577756
-73.537774,45.578052
-73.532693,45.608402
-73.532414,45.608866
-73.532113,45.609392
-73.531796,45.609956
-73.531423,45.610645
-73.531149,45.611252
-73.530572,45.612705
-73.55615,45.513029
-73.556466,45.513184
-73.572938,45.526943
-73.582458,45.564964
-73.580981,45.566661
-73.580488,45.567227
-73.52408,45.606608
-73.526163,45.607175
-73.550274,45.528156
-73.550966,45.528481
-73.552573,45.529238
-73.553245,45.529556
-73.553802,45.529819
-73.574057,45.555508
-73.577432,45.556554
-73.583341,45.558407
-73.587147,45.559576
-73.590988,45.560754
-73.578687,45.542244
-73.578448,45.542497
-73.5419,45.58992
-73.54211,45.589992
-73.542789,45.590222
-73.558359,45.500592
-73.559036,45.500823
-73.559562,45.501
-73.560363,45.501281
-73.573017,45.510209
-73.573679,45.509488
-73.574249,45.508869
-73.570233,45.516025
-73.570554,45.516175
-73.556844,45.49913
-73.556995,45.498962
-73.594629,45.520998
-73.595214,45.520318
-73.595808,45.519621
-73.582794,45.545858
-73.582489,45.546362
-73.528082,45.603944
-73.583451,45.563822
-73.582933,45.564419
-73.571159,45.554615
-73.598487,45.546492
-73.597987,45.547119
-73.597377,45.54784
-73.596786,45.548523
-73.567444,45.509914
-73.591714,45.518868
-73.597781,45.562958
-73.596571,45.563149
-73.576451,45.536174
-73.57789,45.536839
-73.578046,45.534521
-73.577384,45.535201
-73.576927,45.535682
-73.579365,45.533123
-73.578751,45.53378
-73.522354,45.605429
-73.524402,45.606036
-73.517662,45.604962
-73.517797,45.605004
-73.553604,45.565145
-73.562214,45.5032
-73.562488,45.502828
-73.583214,45.545182
-73.562054,45.5857
-73.562182,45.58574
-73.558904,45.58467
-73.550413,45.58188
-73.551334,45.582184
-73.554531,45.583246
-73.557457,45.584208
-73.565728,45.569933
-73.56555,45.570129
-73.566292,45.569304
-73.565433,45.570077
-73.595061,45.544895
-73.589788,45.542433
-73.591721,45.543336
-73.593879,45.521865
-73.542815,45.540853
-73.54259,45.54119
-73.604637,45.545173
-73.587956,45.526264
-73.561004,45.581621
-73.560597,45.582214
-73.559765,45.583426
-73.612629,45.54714
-73.616731,45.548958
-73.581351,45.555234
-73.582858,45.555691
-73.579171,45.554547
-73.579286,45.554598
-73.578172,45.564353
-73.57442,45.563188
-73.575868,45.524272
-73.578282,45.525376
-73.561279,45.544294
-73.560822,45.545047
-73.560407,45.545698
-73.553222,45.538231
-73.552831,45.538815
-73.515842,45.603538
-73.516292,45.603649
-73.577939,45.508104
-73.578584,45.507442
-73.576854,45.509213
-73.577446,45.508606
-73.577606,45.508447
-73.615129,45.534158
-73.614627,45.534697
-73.545491,45.591142
-73.545693,45.591213
-73.556802,45.497438
-73.55814,45.497951
-73.60921,45.576726
-73.608918,45.577052
-73.599568,45.550884
-73.603076,45.552436
-73.566888,45.571828
-73.570646,45.572991
-73.564663,45.571126
-73.565318,45.576797
-73.566191,45.577095
-73.563347,45.576122
-73.639071,45.531747
-73.639391,45.531202
-73.639755,45.530586
-73.640055,45.530076
-73.640355,45.529568
-73.568995,45.553926
-73.568592,45.554589
-73.591222,45.554911
-73.595086,45.556062
-73.595275,45.557827
-73.594913,45.558243
-73.607892,45.530878
-73.611369,45.532449
-73.551239,45.541321
-73.550791,45.54205
-73.570064,45.579913
-73.569754,45.580504
-73.595171,45.562363
-73.600083,45.561188
-73.599569,45.561426
-73.59886,45.561791
-73.598696,45.562412
-73.598613,45.562826
-73.546378,45.591445
-73.546594,45.591517
-73.547256,45.591785
-73.547457,45.591867
-73.540999,45.589617
-73.541215,45.589693
-73.543277,45.590379
-73.543688,45.590529
-73.540479,45.548045
-73.54019,45.548388
-73.543002,45.59029
-73.543907,45.590607
-73.544589,45.590834
-73.544798,45.590908
-73.547697,45.591942
-73.537316,45.552711
-73.537232,45.552827
-73.6188,45.536597
-73.618416,45.537272
-73.579868,45.569199
-73.582842,45.57012
-73.541904,45.610352
-73.521408,45.611735
-73.523512,45.612099
-73.522736,45.609149
-73.522483,45.609649
-73.522248,45.610106
-73.522004,45.610591
-73.572142,45.576837
-73.575894,45.578107
-73.599149,45.554883
-73.60042,45.55544
-73.512707,45.610223
-73.512988,45.61027
-73.594695,45.558482
-73.594218,45.55901
-73.594118,45.559118
-73.593758,45.559529
-73.633828,45.528276
-73.634128,45.527765
-73.632848,45.529932
-73.633169,45.529387
-73.63218,45.531069
-73.632527,45.53048
-73.615126,45.550661
-73.611327,45.54324
-73.613098,45.544033
-73.559343,45.584033
-73.521746,45.611085
-73.624092,45.538924
-73.62721,45.539822
-73.620294,45.537818
-73.621284,45.538107
-73.593917,45.549108
-73.598535,45.550297
-73.596185,45.549205
-73.585128,45.556377
-73.60066,45.561243
-73.568599,45.510435
-73.509835,45.60972
-73.510912,45.609907
-73.580671,45.526451
-73.582482,45.527266
-73.58479,45.528307
-73.523755,45.607172
-73.523628,45.60741
-73.59942,45.554554
-73.605078,45.557477
-73.607377,45.558489
-73.637526,45.567951
-73.636959,45.568583
-73.638018,45.567405
-73.635058,45.544983
-73.634744,45.545523
-73.563491,45.53683
-73.563005,45.537391
-73.62721,45.525765
-73.631013,45.526864
-73.626904,45.526286
-73.630709,45.527382
-73.584741,45.562339
-73.58858,45.56352
-73.581981,45.530331
-73.556837,45.524634
-73.573121,45.518674
-73.572586,45.519255
-73.573536,45.518217
-73.57272,45.517844
-73.566567,45.510514
-73.566768,45.533382
-73.569591,45.534693
-73.569985,45.534886
-73.571872,45.53577
-73.585704,45.528718
-73.58735,45.529463
-73.52347,45.607725
-73.635411,45.544377
-73.575727,45.53238
-73.578291,45.533566
-73.575284,45.532175
-73.57252,45.530889
-73.613199,45.552293
-73.532303,45.572802
-73.533498,45.607056
-73.542149,45.612039
-73.541814,45.612761
-73.541542,45.613356
-73.542497,45.611308
-73.541246,45.613988
-73.562719,45.591483
-73.562312,45.592093
-73.565168,45.59451
-73.564769,45.595119
-73.564474,45.595491
-73.536736,45.549815
-73.536259,45.550542
-73.578913,45.532913
-73.519147,45.606927
-73.521178,45.607472
-73.517151,45.606401
-73.517017,45.606362
-73.515356,45.605915
-73.512409,45.605142
-73.514906,45.6058
-73.520145,45.589246
-73.519905,45.589822
-73.524062,45.610948
-73.523833,45.611446
-73.524297,45.610465
-73.524521,45.610038
-73.524651,45.609807
-73.524803,45.609574
-73.525056,45.609153
-73.525237,45.608847
-73.525576,45.608243
-73.525858,45.607717
-73.526899,45.605897
-73.534259,45.605765
-73.533882,45.606413
-73.582918,45.523957
-73.584712,45.524773
-73.537231,45.549073
-73.537307,45.548977
-73.556217,45.499866
-73.556628,45.500006
-73.557148,45.500183
-73.561508,45.593321
-73.561103,45.593931
-73.566375,45.59267
-73.565977,45.593281
-73.532426,45.601004
-73.535147,45.580447
-73.53509,45.580535
-73.519736,45.594947
-73.514056,45.593232
-73.515145,45.593559
-73.515943,45.593801
-73.542031,45.545861
-73.521947,45.579625
-73.522743,45.579885
-73.519862,45.578944
-73.595569,45.541667
-73.595346,45.541902
-73.561866,45.575612
-73.561977,45.575651
-73.635088,45.531915
-73.635324,45.531985
-73.635561,45.532055
-73.6384,45.532883
-73.531587,45.608092
-73.539941,45.541148
-73.57768,45.56492
-73.61097,45.546404
-73.607722,45.554499
-73.610023,45.555518
-73.605425,45.553481
-73.567032,45.577385
-73.570793,45.578671
-73.550656,45.555142
-73.547632,45.559752
-73.547181,45.560463
-73.535754,45.579505
-73.544146,45.5424
-73.543756,45.543032
-73.543347,45.543695
-73.561604,45.539035
-73.561399,45.539542
-73.565996,45.535535
-73.567928,45.536436
-73.560274,45.533721
-73.559701,45.534349
-73.559129,45.534978
-73.569248,45.537057
-73.570216,45.537507
-73.565861,45.531184
-73.565276,45.531798
-73.532859,45.555768
-73.532411,45.556477
-73.538782,45.550469
-73.538315,45.551197
-73.538088,45.551549
-73.529673,45.607543
-73.530624,45.607816
-73.541773,45.55607
-73.545304,45.550654
-73.544821,45.551393
-73.536686,45.553595
-73.638749,45.532293
-73.63728,45.528671
-73.582078,45.543045
-73.568189,45.555244
-73.567654,45.555837
-73.588934,45.557528
-73.590477,45.557995
-73.591253,45.558229
-73.587437,45.545127
-73.589367,45.546029
-73.593517,45.559795
-73.593283,45.560058
-73.636978,45.529187
-73.63349,45.528848
-73.551652,45.519281
-73.551029,45.519951
-73.532863,45.583979
-73.53246,45.584606
-73.532058,45.585231
-73.548622,45.558243
-73.548139,45.558972
-73.601583,45.522897
-73.565576,45.593892
-73.560867,45.594281
-73.534687,45.552953
-73.53423,45.553646
-73.535279,45.552055
-73.535201,45.552173
-73.537878,45.548269
-73.538556,45.547427
-73.538279,45.547773
-73.539098,45.546758
-73.545947,45.562511
-73.549317,45.563616
-73.54604,45.549627
-73.545636,45.550193
-73.544756,45.551493
-73.539321,45.549625
-73.539257,45.549725
-73.539795,45.548883
-73.541076,45.546395
-73.544284,45.552232
-73.54381,45.552954
-73.631829,45.531661
-73.631643,45.531976
-73.592784,45.558692
-73.580938,45.561162
-73.587833,45.526207
-73.595345,45.557732
-73.633439,45.541613
-73.636507,45.542494
-73.63029,45.540707
-73.592157,45.548289
-73.526475,45.606639
-73.534827,45.608685
-73.538006,45.609434
-73.541205,45.609537
-73.540939,45.610125
-73.554209,45.524963
-73.570546,45.509937
-73.571139,45.510202
-73.572449,45.510797
-73.57415,45.508822
-73.574733,45.508212
-73.575334,45.507581
-73.60815,45.546731
-73.622636,45.541412
-73.625756,45.542308
-73.628847,45.543197
-73.631986,45.5441
-73.542377,45.539523
-73.543464,45.539853
-73.589975,45.532879
-73.58914,45.533767
-73.588693,45.534255
-73.592339,45.52352
-73.59169,45.524281
-73.591432,45.524582
-73.591229,45.524823
-73.59098,45.525114
-73.588771,45.54671
-73.586843,45.545811
-73.592755,45.547605
-73.535971,45.602926
-73.53553,45.603663
-73.535058,45.604425
-73.534644,45.605117
-73.585395,45.539613
-73.584923,45.540113
-73.50924,45.609616
-73.556503,45.522495
-73.629608,45.541878
-73.518124,45.604177
-73.518263,45.604217
-73.548789,45.558292
-73.548304,45.559025
-73.547799,45.559805
-73.547337,45.560509
-73.546876,45.561225
-73.552465,45.552381
-73.552156,45.552858
-73.551711,45.553632
-73.542989,45.544279
-73.542504,45.545074
-73.57273,45.576157
-73.570429,45.579258
-73.575157,45.54347
-73.577315,45.544119
-73.573589,45.542999
-73.574893,45.543391
-73.57251,45.542675
-73.573317,45.542917
-73.561411,45.539771
-73.561452,45.540142
-73.555187,45.535292
-73.549554,45.521528
-73.549095,45.522028
-73.552048,45.507363
-73.551949,45.507549
-73.557267,45.506873
-73.556241,45.50839
-73.557603,45.506472
-73.552127,45.507207
-73.599068,45.535642
-73.598376,45.536405
-73.597692,45.537176
-73.595739,45.53917
-73.593672,45.541131
-73.604316,45.540133
-73.607777,45.541667
-73.600842,45.538584
-73.53591,45.544833
-73.537414,45.545288
-73.541032,45.547381
-73.555737,45.521194
-73.570683,45.548791
-73.573879,45.54975
-73.587393,45.553772
-73.58145,45.552003
-73.583597,45.552646
-73.56341,45.550391
-73.562785,45.550999
-73.562158,45.551612
-73.567874,45.543528
-73.566014,45.54664
-73.566632,45.54561
-73.5663,45.546163
-73.541012,45.589061
-73.543649,45.589843
-73.548066,45.591401
-73.56931,45.519026
-73.569182,45.519137
-73.639793,45.570582
-73.554797,45.535879
-73.554399,45.536477
-73.554006,45.537063
-73.50967,45.608433
-73.509494,45.60894
-73.508941,45.610399
-73.549261,45.522109
-73.555388,45.512693
-73.558701,45.507522
-73.558262,45.507989
-73.593222,45.520402
-73.550974,45.564161
-73.553662,45.565032
-73.554294,45.53005
-73.554438,45.530119
-73.582121,45.546968
-73.579759,45.550847
-73.599064,45.551479
-73.618272,45.547267
-73.615665,45.550061
-73.614746,45.544768
-73.618859,45.546602
-73.599644,45.554284
-73.598719,45.554228
-73.600939,45.554851
-73.571257,45.54447
-73.571402,45.544495
-73.62266,45.542092
-73.625432,45.542879
-73.628513,45.543754
-73.533875,45.557814
-73.535933,45.558487
-73.536432,45.55865
-73.523772,45.564754
-73.523654,45.564992
-73.571434,45.528497
-73.526021,45.603338
-73.56412,45.571732
-73.563994,45.571688
-73.531458,45.598263
-73.531786,45.598362
-73.532575,45.5986
-73.602596,45.531815
-73.605716,45.533235
-73.596812,45.539696
-73.597773,45.541965
-73.617017,45.540468
-73.617799,45.540691
-73.560348,45.505803
-73.576276,45.509817
-73.528915,45.506399
-73.528768,45.507179
-73.529008,45.505597
-73.529026,45.504751
-73.528208,45.504684
-73.528247,45.504077
-73.563279,45.529985
-73.567938,45.53216
-73.570746,45.533481
-73.58596,45.560938
-73.577537,45.55661
-73.579595,45.557256
-73.583176,45.503337
-73.545215,45.540381
-73.545428,45.540446
-73.547391,45.541032
-73.571928,45.546533
-73.599524,45.545341
-73.603703,45.54081
-73.55127,45.55447
-73.551666,45.553715
-73.561499,45.540553
-73.561601,45.541457
-73.5583,45.53588
-73.573465,45.534769
-73.550058,45.511047
-73.550262,45.511092
-73.565265,45.541523
-73.528251,45.503753
-73.52787,45.512972
-73.588335,45.558212
-73.570531,45.542081
-73.57238,45.542638
-73.578478,45.536404
-73.579477,45.53687
-73.578357,45.536347
-73.58843,45.523953
-73.588905,45.52417
-73.589563,45.524469
-73.590037,45.523942
-73.589912,45.523885
-73.589385,45.523644
-73.588908,45.523428
-73.590897,45.531891
-73.586821,45.530062
-73.578325,45.495257
-73.579331,45.495702
-73.575103,45.493846
-73.575905,45.494201
-73.572455,45.527452
-73.572957,45.527688
-73.603051,45.541533
-73.595679,45.534132
-73.616123,45.543229
-73.617388,45.535181
-73.619289,45.536047
-73.572269,45.545975
-73.57261,45.545416
-73.556563,45.514382
-73.555557,45.515508
-73.555169,45.515936
-73.554736,45.516394
-73.552168,45.518729
-73.578555,45.560418
-73.577197,45.559999
-73.571406,45.51169
-73.573616,45.512673
-73.574489,45.511722
-73.604369,45.524955
-73.593586,45.525147
-73.571859,45.543486
-73.575299,45.537376
-73.576736,45.538042
-73.523953,45.606818
-73.567815,45.520592
-73.568311,45.520818
-73.562349,45.585793
-73.532941,45.571565
-73.533334,45.571698
-73.534182,45.571979
-73.633096,45.54221
-73.579995,45.567792
-73.576858,45.538102
-73.57787,45.538572
-73.571077,45.516409
-73.573153,45.517349
-73.584501,45.522164
-73.584987,45.522386
-73.587459,45.523512
-73.587941,45.523731
-73.584135,45.563035
-73.583542,45.563716
-73.561259,45.551155
-73.565504,45.552835
-73.565643,45.552875
-73.557911,45.500442
-73.554564,45.525715
-73.553662,45.525352
-73.546268,45.522602
-73.526748,45.521352
-73.534717,45.520705
-73.535978,45.520763
-73.538887,45.521293
-73.629944,45.5413
-73.569164,45.581514
-73.593217,45.552619
-73.534324,45.557104
-73.53372,45.55348
-73.545144,45.557138
-73.545276,45.55718
-73.547447,45.547496
-73.547026,45.548184
-73.546676,45.54875
-73.546455,45.549046
-73.548414,45.545912
-73.583273,45.528929
-73.582673,45.529576
-73.583587,45.528593
-73.578785,45.496674
-73.539874,45.609874
-73.592362,45.521149
-73.592487,45.521207
-73.520082,45.497944
-73.619947,45.538414
-73.620992,45.538718
-73.571997,45.543525
-73.56152,45.567732
-73.562548,45.568069
-73.554457,45.565421
-73.555704,45.565829
-73.558737,45.497377
-73.558924,45.49718
-73.570106,45.521632
-73.570393,45.521767
-73.584748,45.532409
-73.584239,45.532955
-73.583821,45.533409
-73.590401,45.525802
-73.595566,45.544307
-73.52601,45.513121
-73.525914,45.512863
-73.5362,45.554278
-73.538226,45.554937
-73.535688,45.554994
-73.613333,45.533342
-73.614215,45.533742
-73.616262,45.53467
-73.570165,45.5298
-73.573445,45.527177
-73.527716,45.600485
-73.527275,45.601223
-73.526823,45.601997
-73.526407,45.602692
-73.572806,45.570511
-73.592817,45.560573
-73.591393,45.562162
-73.590948,45.562658
-73.590472,45.563198
-73.59003,45.563704
-73.589228,45.564617
-73.6365,45.570738
-73.576488,45.577423
-73.57561,45.577135
-73.57472,45.576834
-73.573834,45.576538
-73.5447,45.579977
-73.579004,45.568932
-73.569178,45.565878
-73.569302,45.565926
-73.592417,45.51813
-73.593019,45.517445
-73.593292,45.517144
-73.566759,45.530242
-73.566307,45.530712
-73.554567,45.524577
-73.532525,45.5531
-73.575138,45.513353
-73.575025,45.511139
-73.575696,45.510432
-73.575666,45.513588
-73.576143,45.513812
-73.609183,45.534809
-73.561581,45.567636
-73.562615,45.567976
-73.539779,45.578339
-73.539572,45.578649
-73.522892,45.502851
-73.546732,45.561178
-73.575876,45.53677
-73.577949,45.530002
-73.604244,45.529982
-73.603777,45.530488
-73.526545,45.598411
-73.591762,45.521824
-73.578013,45.536896
-73.579007,45.537363
-73.580501,45.531882
-73.580978,45.531435
-73.580583,45.531868
-73.551682,45.540598
-73.550384,45.542704
-73.549956,45.543395
-73.549568,45.544022
-73.549182,45.544654
-73.548768,45.545331
-73.578128,45.555932
-73.580185,45.556579
-73.578008,45.555888
-73.574496,45.554827
-73.522144,45.568684
-73.525149,45.569688
-73.525575,45.56983
-73.528391,45.570768
-73.520269,45.571307
-73.519967,45.571695
-73.636385,45.570871
-73.530641,45.599637
-73.599944,45.534701
-73.599389,45.535297
-73.553613,45.537647
-73.557659,45.508845
-73.557326,45.509492
-73.55705,45.510043
-73.555791,45.511606
-73.55499,45.512512
-73.559075,45.507136
-73.5749,45.562617
-73.573925,45.563753
-73.582494,45.553918
-73.581888,45.554619
-73.547782,45.553359
-73.551124,45.554423
-73.561437,45.515482
-73.562732,45.516095
-73.563459,45.516439
-73.564441,45.516899
-73.603916,45.527329
-73.604411,45.527535
-73.556631,45.510641
-73.555975,45.511388
-73.585256,45.531838
-73.584269,45.522415
-73.617313,45.539154
-73.547744,45.580993
-73.548177,45.581135
-73.522296,45.592588
-73.520913,45.594769
-73.571167,45.572392
-73.574966,45.573582
-73.587797,45.540684
-73.640374,45.570824
-73.640448,45.570855
-73.56056,45.501078
-73.560774,45.500886
-73.566367,45.569221
-73.543045,45.540506
-73.533718,45.548904
-73.534519,45.549102
-73.535011,45.549266
-73.561764,45.543145
-73.561671,45.543626
-73.547225,45.566593
-73.593237,45.528656
-73.593876,45.528944
-73.594779,45.529355
-73.573938,45.516421
-73.573553,45.516878
-73.5751,45.515052
-73.575506,45.51457
-73.576609,45.571688
-73.58043,45.572866
-73.579271,45.541665
-73.58559,45.525177
-73.585822,45.525283
-73.598495,45.531037
-73.601891,45.532582
-73.595379,45.529575
-73.556442,45.552248
-73.556144,45.552868
-73.614449,45.538296
-73.523306,45.608042
-73.519061,45.591591
-73.518731,45.592265
-73.515143,45.610647
-73.517161,45.610999
-73.51924,45.611361
-73.611765,45.577893
-73.55288,45.497447
-73.552946,45.496751
-73.559598,45.547019
-73.559215,45.547646
-73.578507,45.558499
-73.577804,45.559304
-73.59831,45.530903
-73.597523,45.530545
-73.62024,45.540006
-73.622991,45.540805
-73.578086,45.511694
-73.578199,45.511571
-73.578494,45.51125
-73.579961,45.541077
-73.579627,45.541434
-73.579379,45.541698
-73.571569,45.57753
-73.571187,45.578103
-73.57753,45.54377
-73.567321,45.532802
-73.510617,45.598831
-73.510653,45.599614
-73.593313,45.522515
-73.585817,45.490092
-73.586345,45.489614
-73.552772,45.495214
-73.552943,45.494557
-73.568931,45.522946
-73.568824,45.523061
-73.587939,45.541419
-73.587991,45.541695
-73.587585,45.548077
-73.586396,45.549442
-73.585802,45.550125
-73.564143,45.574987
-73.563739,45.575554
-73.567145,45.556391
-73.56658,45.556903
-73.564799,45.517011
-73.5611,45.515318
-73.572843,45.544954
-73.545694,45.568682
-73.531067,45.59892
-73.514558,45.607516
-73.514282,45.608071
-73.572044,45.527871
-73.591927,45.530774
-73.592517,45.531211
-73.570104,45.518119
-73.570334,45.518224
-73.539061,45.581743
-73.539003,45.581833
-73.545646,45.568773
-73.574961,45.493781
-73.596701,45.530275
-73.59748,45.530632
-73.596284,45.530083
-73.550432,45.511132
-73.587175,45.551765
-73.58871,45.55225
-73.579119,45.520761
-73.578691,45.521213
-73.578163,45.521793
-73.560374,45.5032
-73.560661,45.50286
-73.558258,45.505708
-73.559159,45.504639
-73.592805,45.523047
-73.603881,45.528063
-73.604316,45.528261
-73.604487,45.52834
-73.607263,45.528966
-73.608287,45.529323
-73.626109,45.541703
-73.596001,45.529956
-73.568838,45.515392
-73.591181,45.543946
-73.590557,45.544662
-73.58996,45.545345
-73.58818,45.547394
-73.629199,45.54259
-73.632342,45.543495
-73.566519,45.521976
-73.602163,45.563252
-73.601457,45.56362
-73.598935,45.563168
-73.599471,45.563683
-73.580826,45.539971
-73.568795,45.541868
-73.513937,45.578515
-73.513447,45.579068
-73.512682,45.579953
-73.51187,45.580867
-73.510764,45.582114
-73.510045,45.582937
-73.50858,45.584549
-73.592569,45.553365
-73.608604,45.577392
-73.586108,45.525415
-73.591742,45.52798
-73.592273,45.542707
-73.602231,45.527344
-73.6027,45.526755
-73.59061,45.525546
-73.531963,45.557185
-73.531513,45.5579
-73.605018,45.534005
-73.608474,45.535573
-73.61193,45.537143
-73.638242,45.54519
-73.638601,45.54524
-73.572935,45.564884
-73.572445,45.565448
-73.571947,45.566019
-73.639556,45.544137
-73.513991,45.608662
-73.513742,45.609158
-73.513496,45.60965
-73.553509,45.493164
-73.597117,45.532511
-73.593967,45.531821
-73.594352,45.531995
-73.592756,45.53125
-73.593709,45.531703
-73.592326,45.530962
-73.570618,45.521452
-73.56172,45.542579
-73.611236,45.537896
-73.544339,45.561993
-73.544274,45.562095
-73.642386,45.563565
-73.642548,45.563639
-73.642437,45.563508
-73.557946,45.549718
-73.585846,45.539131
-73.525822,45.590942
-73.538621,45.582412
-73.538299,45.583078
-73.537296,45.584677
-73.536879,45.585302
-73.536465,45.585923
-73.536052,45.586544
-73.518386,45.592967
-73.518042,45.593667
-73.57343,45.564318
-73.591635,45.552845
-73.569909,45.56836
-73.569442,45.568895
-73.568497,45.569979
-73.567932,45.570628
-73.567411,45.571228
-73.565842,45.573029
-73.565317,45.573634
-73.564722,45.574317
-73.595593,45.532721
-73.596553,45.533165
-73.573386,45.54423
-73.572952,45.54492
-73.55436,45.565253
-73.55452,45.565303
-73.544088,45.547302
-73.549683,45.521388
-73.638858,45.545316
-73.595297,45.529641
-73.52297,45.566435
-73.522608,45.567415
-73.522377,45.567968
-73.522038,45.568642
-73.521679,45.569253
-73.624631,45.548051
-73.62479,45.548122
-73.577832,45.495044
-73.586383,45.538607
-73.540713,45.589354
-73.616579,45.540345
-73.594764,45.522287
-73.519714,45.571896
-73.519134,45.572544
-73.509561,45.595185
-73.509978,45.59614
-73.512651,45.602625
-73.513211,45.60272
-73.541078,45.614371
-73.523146,45.595753
-73.522463,45.597195
-73.524472,45.597795
-73.51026,45.604526
-73.571447,45.566592
-73.584935,45.551127
-73.569608,45.522237
-73.554751,45.553787
-73.554703,45.554586
-73.525455,45.507748
-73.525827,45.507525
-73.574703,45.515517
-73.574324,45.515966
-73.580947,45.540062
-73.580095,45.550295
-73.609988,45.539253
-73.60966,45.539596
-73.614154,45.535206
-73.613702,45.535689
-73.613294,45.536129
-73.608464,45.540901
-73.521276,45.569882
-73.520875,45.570458
-73.526414,45.507492
-73.529457,45.507687
-73.529309,45.508129
-73.529555,45.507496
-73.557321,45.513573
-73.575749,45.514282
-73.581357,45.539935
-73.581117,45.540094
-73.525278,45.596393
-73.52737,45.597022
-73.529396,45.597639
-73.545849,45.562608
-73.56947,45.530532
-73.568847,45.531209
-73.568398,45.531679
-73.618065,45.537867
-73.637641,45.546344
-73.637907,45.546419
-73.510419,45.60375
-73.510543,45.602897
-73.520233,45.595096
-73.55801,45.530341
-73.557359,45.531016
-73.510319,45.592139
-73.601346,45.528057
-73.60025,45.528247
-73.585209,45.550812
-73.584086,45.552095
-73.583124,45.553197
-73.566151,45.557362
-73.580134,45.541087
-73.579842,45.5414
-73.579524,45.541739
-73.564545,45.571071
-73.565193,45.570531
-73.596613,45.518721
-73.564181,45.585307
-73.562892,45.585578
-73.570903,45.524009
-73.57229,45.524641
-73.551629,45.508114
-73.550819,45.509592
-73.576583,45.560705
-73.575995,45.56138
-73.575905,45.561481
-73.575383,45.562078
-73.565108,45.53511
-73.564018,45.536255
-73.557041,45.551192
-73.563731,45.512409
-73.562789,45.513454
-73.581733,45.539506
-73.587452,45.518916
-73.590448,45.520273
-73.585167,45.517887
-73.569984,45.56614
-73.570701,45.566362
-73.528553,45.607229
-73.528698,45.607269
-73.530233,45.556618
-73.560881,45.505184
-73.550767,45.509686
-73.550444,45.510284
-73.555836,45.508797
-73.56108,45.50486
-73.561366,45.504345
-73.597129,45.537778
-73.596451,45.538489
-73.593247,45.541578
-73.592851,45.542019
-73.565075,45.570477
-73.57476,45.537937
-73.580959,45.531376
-73.5789,45.528906
-73.585965,45.531059
-73.572452,45.504488
-73.573402,45.502222
-73.574017,45.501595
-73.574726,45.50089
-73.572809,45.502826
-73.572885,45.502747
-73.57826,45.510729
-73.569693,45.565299
-73.569814,45.56535
-73.554934,45.510125
-73.554588,45.510779
-73.570041,45.51111
-73.557461,45.509212
-73.591887,45.521881
-73.561628,45.501724
-73.553181,45.50536
-73.553062,45.505645
-73.552885,45.506033
-73.597217,45.542556
-73.57581,45.507083
-73.556364,45.583854
-73.556479,45.583892
-73.516834,45.602937
-73.516462,45.603691
-73.575144,45.559367
-73.591449,45.531303
-73.603327,45.530973
-73.533686,45.5827
-73.570678,45.505209
-73.571077,45.504662
-73.565346,45.510591
-73.564921,45.511063
-73.568333,45.508175
-73.568582,45.507727
-73.577056,45.514218
-73.578295,45.514762
-73.56291,45.502258
-73.563144,45.501951
-73.617256,45.580662
-73.617889,45.580948
-73.616494,45.580326
-73.52985,45.504135
-73.529935,45.505623
-73.528311,45.508658
-73.52843,45.508798
-73.581679,45.518008
-73.581235,45.518493
-73.580821,45.518927
-73.58041,45.519366
-73.579992,45.519817
-73.568499,45.51986
-73.568104,45.520282
-73.56727,45.521178
-73.561596,45.514786
-73.566629,45.521866
-73.575754,45.527455
-73.556994,45.513928
-73.589438,45.524413
-73.588436,45.523215
-73.587939,45.522988
-73.585463,45.521866
-73.584979,45.521648
-73.553219,45.551215
-73.552836,45.551811
-73.579463,45.515288
-73.619622,45.581697
-73.54281,45.560764
-73.562538,45.537948
-73.562089,45.538468
-73.55446,45.510996
-73.570304,45.50571
-73.571593,45.504068
-73.568881,45.507201
-73.631666,45.54465
-73.61951,45.54118
-73.622385,45.542006
-73.570469,45.549398
-73.570455,45.550181
-73.570405,45.550891
-73.570415,45.551543
-73.570096,45.552117
-73.569377,45.553293
-73.56763,45.590365
-73.615547,45.537114
-73.577646,45.577851
-73.570716,45.530056
-73.574815,45.531959
-73.573434,45.531313
-73.591714,45.554347
-73.590748,45.555466
-73.590096,45.556206
-73.589475,45.556911
-73.58774,45.558894
-73.582815,45.538418
-73.589066,45.531075
-73.577645,45.522346
-73.577236,45.522791
-73.576908,45.523149
-73.576566,45.523518
-73.576146,45.523972
-73.575343,45.524858
-73.518166,45.600263
-73.519676,45.597222
-73.519295,45.597987
-73.517835,45.600922
-73.517502,45.601595
-73.589018,45.527487
-73.590338,45.541801
-73.601561,45.561364
-73.602094,45.561878
-73.602411,45.562221
-73.629665,45.55054
-73.575706,45.567183
-73.602331,45.562641
-73.600364,45.563802
-73.600946,45.563854
-73.583009,45.531583
-73.588432,45.528159
-73.588109,45.528535
-73.587769,45.52895
-73.586534,45.530398
-73.604732,45.529459
-73.594996,45.550572
-73.594402,45.551256
-73.53522,45.555687
-73.534772,45.556395
-73.602228,45.537047
-73.571706,45.56304
-73.571825,45.563093
-73.573595,45.523235
-73.575693,45.528212
-73.550526,45.522713
-73.551744,45.523276
-73.55861,45.535527
-73.577007,45.571232
-73.541904,45.539394
-73.554667,45.554705
-73.513161,45.602811
-73.520296,45.604819
-73.576063,45.572316
-73.575486,45.572982
-73.574443,45.574184
-73.573417,45.575364
-73.579569,45.541886
-73.575028,45.559317
-73.52457,45.562274
-73.561204,45.502216
-73.561911,45.501394
-73.559592,45.504128
-73.564701,45.532411
-73.529158,45.50854
-73.527381,45.513025
-73.526968,45.513104
-73.641494,45.533754
-73.575467,45.500233
-73.509557,45.610503
-73.509355,45.611074
-73.53125,45.552662
-73.576163,45.499544
-73.576904,45.498784
-73.5775,45.498063
-73.578105,45.497409
-73.555057,45.509874
-73.526878,45.581272
-73.558567,45.518147
-73.558153,45.518605
-73.556906,45.519943
-73.556623,45.52025
-73.558968,45.517678
-73.557326,45.519497
-73.55933,45.517276
-73.576576,45.545302
-73.579703,45.546237
-73.557752,45.519046
-73.556284,45.520609
-73.561947,45.514404
-73.552833,45.498184
-73.585366,45.561622
-73.559509,45.550269
-73.552966,45.496562
-73.558786,45.548346
-73.55843,45.548925
-73.561808,45.54285
-73.612311,45.551898
-73.540214,45.550925
-73.540722,45.551088
-73.547655,45.553317
-73.570474,45.550866
-73.516061,45.604498
-73.556843,45.566086
-73.598921,45.540714
-73.567387,45.532736
-73.533752,45.554371
-73.533305,45.555058
-73.509874,45.607646
-73.582239,45.530045
-73.554293,45.565366
-73.552853,45.498771
-73.554304,45.499218
-73.554894,45.499418
-73.555765,45.565736
-73.557472,45.513644
-73.559676,45.514648
-73.570787,45.512381
-73.523427,45.503959
-73.521967,45.497501
-73.524524,45.507657
-73.517177,45.602253
-73.521891,45.606215
-73.588415,45.522465
-73.59561,45.522673
-73.597717,45.523628
-73.599975,45.524651
-73.52626,45.559435
-73.526215,45.559492
-73.606742,45.528513
-73.584126,45.540798
-73.528107,45.556652
-73.528616,45.556091
-73.528008,45.556865
-73.527511,45.55827
-73.551603,45.495541
-73.53249,45.572348
-73.532681,45.571975
-73.605298,45.527644
-73.578862,45.542668
-73.578239,45.543079
-73.54732,45.524063
-73.547737,45.523631
-73.546147,45.524889
-73.545686,45.526092
-73.545542,45.527022
-73.542847,45.573711
-73.545929,45.526125
-73.545872,45.527235
-73.55454,45.555417
-73.554593,45.556418
-73.554648,45.560734
-73.55458,45.559142
-73.538082,45.54059
-73.528874,45.507907
-73.529027,45.50805
-73.533736,45.547726
-73.534612,45.5473
-73.552227,45.491408
-73.543209,45.504737
-73.530114,45.55405
-73.571019,45.548233
-73.584233,45.53028
-73.584111,45.530223
-73.568847,45.565934
-73.569214,45.56572
-73.538095,45.540678
-73.529627,45.503182
-73.579646,45.52821
-73.5792,45.528008
-73.577327,45.527164
-73.576861,45.526955
-73.576394,45.526745
-73.574592,45.525933
-73.609414,45.53063
-73.609931,45.530073
-73.618446,45.5633
-73.621349,45.545567
-73.536477,45.578379
-73.528171,45.505472
-73.573023,45.534559
-73.578014,45.529287
-73.596857,45.532803
-73.596362,45.532955
-73.544971,45.528463
-73.544974,45.528434
-73.605393,45.528783
-73.605394,45.528622
-73.555451,45.553919
-73.532752,45.571526
-73.546282,45.524773
-73.547098,45.524237
-73.550577,45.523271
-73.544771,45.528793
-73.553645,45.502331
-73.553168,45.500345
-73.604805,45.528489
-73.521348,45.589467
-73.520887,45.589493
-73.53243,45.572438
-73.573002,45.513349
-73.582338,45.538911
-73.639795,45.544226
-73.526156,45.588139
-73.526065,45.588141
-73.528383,45.579709
-73.528427,45.579608
-73.525704,45.58815
-73.544684,45.528978
-73.544516,45.529454
-73.541652,45.536615
-73.540124,45.538869
-73.539409,45.539653
-73.55305,45.505145
-73.553636,45.50244
-73.579066,45.542423
-73.578387,45.529472
-73.581361,45.536052
-73.602771,45.556468
-73.555767,45.553435
-73.585583,45.528663
-73.514956,45.606725
-73.515936,45.576209
-73.514979,45.577324
-73.535409,45.507452
-73.532588,45.50834
-73.531775,45.508246
-73.530075,45.50805
-73.625126,45.537166
-73.624769,45.537716
-73.596375,45.55458
-73.632757,45.542783
-73.571002,45.520992
-73.525308,45.588732
-73.52398,45.590578
-73.594276,45.532054
-73.538939,45.552234
-73.532629,45.550189
-73.552404,45.539458
-73.552661,45.539066
-73.552528,45.539264
-73.52518,45.507868
-73.591825,45.533351
-73.59204,45.533469
-73.592503,45.53372
-73.596797,45.53022
-73.532655,45.57219
-73.531336,45.571752
-73.561909,45.592706
-73.562643,45.58559
-73.596092,45.529901
-73.546219,45.55457
-73.544088,45.571879
-73.543667,45.572499
-73.543259,45.573106
-73.540643,45.579377
-73.540431,45.579695
-73.540234,45.579989
-73.539999,45.580343
-73.539474,45.581125
-73.533254,45.608529
-73.621537,45.543631
-73.62096,45.544256
-73.547814,45.523525
-73.572546,45.513891
-73.576996,45.512868
-73.60188,45.527881
-73.604743,45.526865
-73.605695,45.52752
-73.603345,45.527825
-73.624466,45.538285
-73.607605,45.547331
-73.539476,45.559648
-73.515079,45.577367
-73.527838,45.581582
-73.622125,45.542553
-73.621781,45.543197
-73.621903,45.543232
-73.621752,45.543346
-73.622282,45.542643
-73.560376,45.516119
-73.533696,45.569915
-73.533366,45.570547
-73.620679,45.544558
-73.576655,45.513246
-73.565718,45.510152
-73.551541,45.511389
-73.55192,45.511501
-73.542945,45.504659
-73.543973,45.503586
-73.544067,45.502694
-73.523509,45.564962
-73.518477,45.573291
-73.516309,45.575789
-73.524491,45.590347
-73.524094,45.590183
-73.523807,45.590056
-73.522881,45.589811
-73.602932,45.531418
-73.571329,45.520605
-73.514449,45.577924
-73.571461,45.522236
-73.614231,45.527543
-73.614891,45.52681
-73.571468,45.522283
-73.522326,45.589674
-73.512564,45.600946
-73.56316,45.51624
-73.515705,45.605214
-73.533723,45.596747
-73.533382,45.597294
-73.522326,45.597154
-73.537735,45.584039
-73.584744,45.514733
-73.584834,45.514634
-73.56174,45.503836
-73.562007,45.503482
-73.519823,45.605602
-73.638441,45.566979
-73.613404,45.530775
-73.613966,45.531009
-73.615702,45.531752
-73.55237,45.496066
-73.551411,45.495594
-73.553809,45.493119
-73.540185,45.578478
-73.541818,45.575238
-73.541414,45.575839
-73.54064,45.577052
-73.540214,45.577694
-73.539981,45.57804
-73.546309,45.526304
-73.596374,45.530032
-73.593896,45.531882
-73.593642,45.531769
-73.566984,45.517963
-73.567277,45.518092
-73.601926,45.548103
-73.566737,45.517856
-73.561365,45.581028
-73.624806,45.537787
-73.568255,45.515131
-73.544263,45.583046
-73.545057,45.583309
-73.5463,45.583722
-73.54675,45.583867
-73.580599,45.535699
-73.566804,45.496887
-73.567914,45.497478
-73.56863,45.497773
-73.56504,45.496087
-73.565351,45.496199
-73.569894,45.498388
-73.570289,45.498657
-73.563002,45.495431
-73.563465,45.495587
-73.579943,45.536393
-73.578444,45.537971
-73.577328,45.539136
-73.576784,45.539712
-73.576214,45.540309
-73.610503,45.529458
-73.613459,45.526182
-73.610727,45.529212
-73.613782,45.559082
-73.613411,45.55951
-73.612885,45.560097
-73.580563,45.522884
-73.581323,45.52323
-73.5819,45.523493
-73.579262,45.522291
-73.579708,45.522494
-73.57588,45.520754
-73.576837,45.52119
-73.577287,45.521395
-73.574113,45.51995
-73.574594,45.520169
-73.610435,45.559043
-73.610959,45.559272
-73.595605,45.532578
-73.582334,45.513763
-73.528575,45.507861
-73.567501,45.590235
-73.567661,45.590272
-73.566841,45.590079
-73.552767,45.58585
-73.553598,45.586124
-73.554606,45.586455
-73.551962,45.585584
-73.552278,45.585689
-73.547472,45.584105
-73.547974,45.58427
-73.54557,45.583479
-73.611065,45.528841
-73.611622,45.528233
-73.612193,45.527604
-73.612822,45.526909
-73.610221,45.558974
-73.582279,45.513735
-73.535009,45.546282
-73.579203,45.512265
-73.553142,45.500291
-73.578296,45.510748
-73.578501,45.510997
-73.552641,45.496193
-73.552615,45.495875
-73.551094,45.495434
-73.545595,45.48972
-73.546927,45.489938
-73.509579,45.595032
-73.52523,45.560718
-73.578685,45.511105
-73.578578,45.511031
-73.593003,45.532928
-73.528951,45.556198
-73.525146,45.560711
-73.530121,45.571345
-73.528524,45.581807
-73.525496,45.588281
-73.526353,45.588212
-73.518832,45.607575
-73.51849,45.608284
-73.518224,45.608834
-73.517965,45.609358
-73.520648,45.595268
-73.543264,45.582714
-73.560603,45.588446
-73.561521,45.588744
-73.563095,45.589177
-73.56046,45.588397
-73.558046,45.587583
-73.55937,45.58803
-73.557283,45.587332
-73.55472,45.586492
-73.555724,45.586822
-73.556502,45.587077
-73.548773,45.584532
-73.549571,45.584794
-73.550367,45.585057
-73.552732,45.498815
-73.579179,45.511926
-73.579125,45.511756
-73.584928,45.514551
-73.544506,45.490243
-73.544535,45.490344
-73.544323,45.50166
-73.543103,45.50447
-73.508273,45.584661
-73.548785,45.49
-73.547983,45.489978
-73.548954,45.489947
-73.551525,45.490842
-73.550986,45.495545
-73.552852,45.496512
-73.552687,45.496298
-73.553119,45.500245
-73.555219,45.525496
-73.554568,45.525603
-73.551511,45.495744
-73.52863,45.507867
-73.546211,45.524824
-73.526654,45.585821
-73.527614,45.581739
-73.578732,45.51117
-73.507862,45.585795
-73.592847,45.532925
-73.592306,45.533379
-73.586286,45.538527
-73.55229,45.495954
-73.527762,45.581287
-73.527895,45.581132
-73.527919,45.581248
-73.54471,45.52887
-73.583377,45.516243
-73.533671,45.547757
-73.533608,45.547825
-73.552202,45.496075
-73.508933,45.595098
-73.584657,45.514835
-73.579185,45.512024
-73.579197,45.512203
-73.579281,45.511938
-73.579429,45.511939
-73.544521,45.490294
-73.534674,45.547237
-73.535357,45.545561
-73.52674,45.558844
-73.526924,45.558634
-73.582388,45.513788
-73.551596,45.495607
-73.52888,45.508124
-73.554165,45.525006
-73.544816,45.530704
-73.540174,45.538887
-73.535856,45.544849
-73.532523,45.550237
-73.531178,45.552643
-73.548873,45.489972
-73.547012,45.489992
-73.544204,45.502703
-73.529479,45.50803
-73.50785,45.585856
-73.526241,45.587312
-73.534051,45.569319
-73.510138,45.592149
-73.510207,45.59231
-73.507834,45.58594
-73.594639,45.531386
-73.594546,45.531464
-73.59415,45.531807
-73.593934,45.531994
-73.526881,45.558666
-73.526787,45.558769
-73.528039,45.556764
-73.553641,45.502381
-73.533561,45.547876
-73.541702,45.536496
-73.544429,45.529516
